gipfel_de,gipfel_region,priority_tier,hoehe_m,schwierigkeit,german_name_origin,fun_fact_de,best_season,reference_link,route_block,huetten_block,special_relevance,photo_notes
Zugspitze,Bayern/Österreich,1,2962,T4,"Spitze = peak; Zug = pull (ancient name, possibly from Zugstream)","Deutschlands höchster Berg mit drei Gipfelkreuzen und grenzüberschreitender Seilbahn. An klaren Tagen sieht man von hier aus bis zur Konstellation von vier Ländern.","Juni–September","https://www.alpenverein.de/","Höllentalklamm-Route: Start Grainau, 5h. Zahnradbahn ab Garmisch-Partenkirchen (einfacher). T3-T4 Hochtour via Schneefelder.","Zugspitze Platt (2950m), Hochzeiger Hütte (2308m), Knorrhütte (2051m), Reintalanger Hütte (1370m)","Höchster Berg Deutschland; Grenze zu Österreich; Gletschergebiete; magnetische Anomalie","Klassisches Gipfelbild: Gipfelkreuz mit Alpenpanorama. Sonnenaufgang von der Platt-Seite. Wetterumschwung dramatisch sichtbar von oben."
Watzmann,Bayern,1,2713,T3,"Watzmann: Legendärer Riese aus Bechtaler Volkskunde. Name seit 13. Jahrhundert belegt.","Das Watzmann-Ostkar ist eine klassische Todeszone: 150+ Felsstürze pro Jahr. Die 'Watzmann-Frau' und 'Watzmann-Kinder' sind separate Gipfel der Massivgruppe.","Juli–September","https://www.alpenverein.de/","Watzmann-Überschreitung (klassisch): Wimbachgriestor-Start, Watzmann-Haus, 6-7h. T3 Kletterei. Via Hallein-Scharte deutlich anspruchsvoller.","Watzmann-Haus (1930m), Edenalp-Hütte (1653m)","Kulturhistorisch: Eine Sage von gotteslästerlichem Tyrann, der verflucht wurde. Geologisch: Dachstein-Kalk (dramatisch); Almgebiet.","Watzmann-Überschreitung als Silhouette. Blick von Königssee unten dramatisch. Sonnenuntergang über Östliche Watzmann-Wand."
Nebelhorn,Bayern,1,2224,T2,"Nebel-Horn: Horn = Berggrat. Berg schafft häufig eigene Wolkenbildung.","Dreiseilbahn-Kombination seit 1962 — eine der beeindruckendsten Bergbahn-Anlagen der Alpen. Von hier aus: 400 Gipfel sichtbar an klaren Tagen.","Juni–Oktober","https://www.tourentipp.com/","Wanderweg ab Seealp (Bergbahn): 2h, T2 einfach. Klettersteig 'Heilbronner Weg' T4/T5 technisch. Überschreitung zum Hochvogel (anspruchsvoll).","Nebelhorn Hütte (2224m), Höfatsalpe (1788m)","Geohistorisch: Paragliding-Hotspot; Geomorphologie der Erosion; Allgäu-Hochland Entstehung.","Kammwanderung mit 400 Gipfeln im Hintergrund. Sonnenaufgang über Alpenvorland. Seilbahn und Berg kontrastiv."
Kampenwand,Bayern,1,1669,T2,"Kampe: Alte Bezeichnung für Berghang. Wand: Felswand.","Lieblingswanderung König Ludwigs II., regelmäßig auf den Weg nach Schloss Neuschwanstein-Sicht. Heilbronner Steig & Breitenbergbahn seit 1928.","Juni–Oktober","https://www.tourentipp.com/","Breitenbergbahn (Seilbahn ab Scheidegg): Auffahrt zur Hochalp, 1.5h Wanderung zu Kampenwand-Gipfel. T2.","Hochalp Hütte (1780m), Berggasthaus Hochalp","Kulturhistorisch: Ludwig-II.-Wanderweg; Blick ins Ostallgäu; Kulturlandschaft.","Markantes Gipfelkreuz. Aussicht ins Ostallgäu. Walchensee & Herzogstand dramatisch im Hintergrund."
Hochvogel,Bayern,2,2592,T4,"Vogel: Möglicherweise vom Altdeutschen Fog (feuer) = steiler Fels. Hochvogel = Hochberg mit Felscharakter.","Geologisch einzigartig: Nagelfluh-Formation (Rundhöcker-Moräne). Einsturzkante von etwa 300m — sichtbar von unten wie Vogelflügel.","Juli–September","https://www.alpenverein.de/","Hochvogel via Schrecksee (Bachtelpass): 6h, T4 Klettersteig, exponiert, vergittert. Schöne Route über Rauheck.","Hochvogel Hütte (2244m), Prinz-Luitpold-Hütte (1990m)","Geomorphologisch: Einsturzkante Hochvogel; Moränen-Geologie; Schrecksee Felsbecken.","Einsturzkante dramatisch (wild). Schrecksee türkisblau unten. Kontrast hell/dunkel bei Gewittern."
Großer Arber,Bayern,2,1456,T2,"Arber: Wahrscheinlich keltisch-germanisches Stammeswort für 'Berg/Erhebung'. Großer = Hauptgipfel.","Moorlandschaft um Arber ist FFH-Gebiet (Flora-Fauna-Habitat): Hochmoor mit Torfabbau-Historie seit 1700er Jahren. Arber-Seewanderung durchquert Bergwald.","Juni–Oktober","https://www.tourentipp.com/","Arber-Sesselbahn (ab Lam): 1.5h Gipfelnähe + 30min Fußmarsch T1. Oder klassisch von Lamed via Ibmer Straße: 3h T2.","Arber Hütte (1536m, DAV), Kulzer Hütte (1250m)","Ökologisch: Hochmoor-Regeneration; Biodiversität Bayerischer Wald; Torfabbau-Geschichte.","Moorlandschaft vom Gipfel. Torfmoore kontrastiv grün/braun. Wald-Massiv dramatisch bei Sonnenuntergang."
Wendelstein,Bayern,2,1838,T3,"Wendel: Spindelförmig, drehend. Stein: Gipfel. Name bezieht sich auf die Spiralform des Aufstiegs.","Zahnradbahn seit 1912! Eine der ältesten Gebirgsbahnen Deutschlands (elektrifiziert 1925). Gipfel mit Kapelle & Observatorium.","Juni–Oktober","https://www.alpenverein.de/","Zahnradbahn ab Brannenburg: 40min. Zu Fuß via Osterhofen: 5h T3. Klettersteig 'Klettersteig am Wendelstein' T4.","Wendelstein Hütte (1838m, direkt am Gipfel), Osterhofen Hütte (855m)","Technikgeschichte: Zahnradbahn 1912; Observatorium; Kapelle St. Benedikt seit 1890.","Zahnradbahn vs. Wanderer dramatisch. Gipfel-Kapelle als Motiv. Rosenheim-Ebene unter dem Berg."
Herzogstand,Bayern,2,1731,T2,"Herzog: Titel. Stand: Bergkuppe. Name: Lage des Jagdsitzes von König Ludwig II. bzw. Herzögen.","Lieblingsberg König Ludwigs II. — regelmäßige Wanderungen dokumentiert. 'Herzogstand-Walchensee' Panorama ist literarisch verewigt im Freundes-Kreis des Königs.","Juni–Oktober","https://www.tourentipp.com/","Walchenseebahn (Seilbahn): 10min, dann 20min Fußmarsch T1. Oder von Kochel: 2h, T2 klassisch. Gratwanderung zu Heimgarten anspruchsvoll.","Herzogstand Hütte (1531m), Walchenseebahn-Bergstation (1450m)","Kulturhistorisch: Ludwig-II.-Wanderwege; Walchensee-Szenerie; Kunstgeschichte-Bezug.","Walchensee stahlblau unter dem Gipfel. Gipfelkreuz dramatisch bei Sonnenuntergang. König-Ludwig-Wanderweg sichtbar."
Brecherspitz,Bayern,3,1683,T2,"Brecher: Wildbach, Geröll brechend. Spitz: Spitzer Berg.","Schliersee-Klassiker seit Beginn des Alpintourismus 1870er. Alte Alm-Infrastruktur von 500+ Jahren. Übergang zur Miesbach-Kultur-Landschaft.","Juni–Oktober","https://www.tourentipp.com/","Schliersee-Ostufer via Oberbauer/Reutweg: 2.5h T2. Oder Fronreute: 3h T2. Kurzer Auf/Ab optimal für Wanderer.","Brecherspitz Alm (1457m), Schliersee Hütten","Landschaftsgeschichte: Alm-Bewirtschaftung 500+ Jahre; Weidelandschaft; Tourismus-Anfänge.","Schliersee panorama unten. Oberbayerische Hügellandschaft. Dramatische Gewitterkulisse."
Wallberg,Bayern,3,1722,T2,"Wall: Erhebung, Bergkamm. Berg: Berg. Name: Charakteristische Wallform.","Tegernsee-Klassiker mit prähistorischer Besiedlung (Siedlungsspuren 3000 v.Chr.). Wallberg-Bahn seit 1968 (moderne Luftseilbahn).","Juni–Oktober","https://www.tourentipp.com/","Wallberg-Bahn (Seilbahn): 10min. Zu Fuß von Gmund (Ostufer): 2h T2. Wanderung via Rottach-Egern: 3h T2.","Wallberg Hütte (1720m), Achsel Hütte (1484m), Gmund Hütte (815m)","Prähistorisch: Neolithische Siedlungsspuren. Tegernsee-Geologie (glazialer See).","Tegernsee türkisblau unter dem Gipfel. Wallberg-Bahn als Struktur sichtbar. Dramatisch bei Föhn-Wetter."
Hochgrat,Bayern,3,1834,T3,"Hochgrat: Hoch = erhaben. Grat = Bergkamm. Name: Der höchste Grat des Allgäu.","Allgäu-Hauptkamm-Klassiker: Gratkammerung mit 360-Grad-Panorama. Geologisch: Grauer Kalk (Tithonium-Formation) — sehr exponiert, ausgesetzt.","Juli–September","https://www.alpenverein.de/","Hochgrat-Überschreitung (klassisch): Reichhaltig ab Bad Hindelang: 6-7h, T3 Grat mit Ketten. Oder Söllereck ab Oberstaufen: 5h T3.","Höfats Hütte (1865m), Söllereck Hütte (1237m), Imberg Hütte (1367m)","Geomorphologisch: Gratkammwanderung; Allgäu-Kalkalpen; Ausgesetzte Bergkammformation.","Gratüberschreitung dramatisch exponiert. 360-Panorama vom Gipfel. Tiefblick ins Lech-Vorland."
Benediktenwand,Bayern,3,1801,T3,"Benedikt: Heiliger (Benedikt von Nursia). Wand: Felswand. Name: Felswand mit Benedikt-Kapelle.","Benedikt-Kapelle am Gipfel seit 1657 (370 Jahre!). Pilger-Route in barocker Kirchenliteratur erwähnt. Dramatische Felswand Südseite.","Juni–Oktober","https://www.alpenverein.de/","Benediktenwand von Benediktbeuren (Kloster-Ort): 4h T3. Via Soiern (Klettersteig): 5h T4. Oder von Vorderriß: 4h T3 technischer.","Benediktenwand Hütte (1801m, direkt am Gipfel), Soiernhütte (1539m), Benediktbeuren Kloster (627m)","Kulturhistorisch: Benedikt-Kapelle seit 1657; Pilger-Route; Kloster-Verbindung (Benediktbeuren).","Benedikt-Kapelle auf dem Gipfel. Felswand dramatisch Südseite. Isar-Vorland unten."
Schachen,Bayern,4,1866,T3,"Schachen: Althochdeutsch 'schach' = Berg/Erhebung. Name: Der Schach-Berg.","Königliche Jagd-Schlüsschen König Ludwigs II. von 1870 — einziges erhaltenes Privatgebäude des Königs in den Alpen. Regelmäßig Führungen & Kunstausstellungen.","Juni–Oktober","https://www.alpenverein.de/","Start Schachenhaus Parkplatz: 2.5h T3 zum Gipfel. Oder via Linderhof-Schloss: 4h T3. Umstieg zur Gratwanderung nach Alpspitze möglich.","Schachen Hütte (direkt Ludwig-Schlüsschen, 1866m), Linderhof Schloss (870m, Museum)","Kulturhistorisch: Ludwig-II.-Jagd-Schlüsschen 1870; königliche Privatarchitektur; Kunstgeschichte.","Ludwig-II.-Schlüsschen als Schlüsselmotiv. Alpengipfel-Szenerie dahinter. Historische Architektur dramatisch."
Hochfelln,Bayern,4,1674,T2,"Hochfelln: Hoch = erhaben. Felln = Felswand. Name: Hohe Felswand.","Chiemgau-Panorama-Berg: Von hier aus sichtbar Chiemsee, Simssee, sowie Mangfallgebirge bis zum Wendelstein. Früh erschlossener Berg (seit 1880er).","Juni–Oktober","https://www.tourentipp.com/","Hochfelln-Bahn (Seilbahn ab Prien): 10min. Zu Fuß via Hochfelln-Straße (Prien): 2h T2. Wanderung von Breitbrunn: 3h T2.","Hochfelln Hütte (1673m), Priener Hütte (900m)","Landschaftsgeologisch: Chiemgau-Panorama-Vielfalt; Seenlandschaft; Vorlandglaziale Moränen.","Chiemgau-Seen glitzernd unten. Mangfallgebirge-Reihe dramatisch. Föhn-Wetter spektakulär sichtbar."
Brünnstein,Bayern,4,1634,T4,"Brünnstein: Brunnen/Quell (Brünn) + Stein = Quellenberg.","Via-Ferrata-Klassiker seit 1960er Jahre: Eisenleitern & -klammern durchgehend. Dramatischer Aufstieg mit Exponiertheits-Flair bei moderater Technik.","Juli–September","https://www.alpenverein.de/","Brünnstein via Taubenseealm: 4h T4. Oder klassisch von Benediktbeuren: 5h T4/T5. Via-Ferrata durchgehend mit Eisensicherung.","Taubenseealm Hütte (1400m), Benediktbeuren Kloster (627m, Stützpunkt)","Technisch-historisch: Via-Ferrata-Ursprünge 1960er; Kletter-Infrastruktur; Alpen-Sport-Geschichte.","Via-Ferrata dramatisch mit Eisenleitern sichtbar. Steilwand-Szenerie exponiert. Kletterer auf den Leitern."
Jochberg,Bayern,4,1567,T2,"Joch: Bergpass/Sattel. Berg: Berg. Name: Berg über einem Joch (Sattel).","Walchensee-Klassiker: Sicht auf drei große Seen (Walchensee, Kochelsee, Loisachstausee). Aussichtsberg für Paraglider und Wanderer seit 1930er.","Juni–Oktober","https://www.tourentipp.com/","Jochberg von Kochel: 2h T2 klassisch. Oder via Kesselberg (Straße): 1.5h T2. Walchensee-Umwanderung möglich (Tagesterour).","Jochberg Hütte (1567m), Kochel Hütten","Landschaftsgeologisch: Multipler Seeblick (Walch/Koch/Loisach); Paragliding-Hotspot; Ötztal-Ausläufer.","Walchensee stahlblau unter Jochberg. Drei Seen im Panorama. Paraglider als Leben-Szenerie."
